,bust_chest_girth,waist_girth,hip_girth,thigh_girth,upper_arm_girth,neck_girth,neck_waist,repetition,gender,measures_station,subject
0,996.65380859375,820.85498046875,1057.345703125,671.8527221679688,330.58404541015625,327.5303649902344,416.60943603515625,1,female,Our,IEEEP1_05
1,993.82177734375,806.7514038085938,1058.061767578125,678.9318237304688,329.17510986328125,328.28338623046875,411.9693603515625,2,female,Our,IEEEP1_05
2,830.7650756835938,682.9407958984375,933.6224975585938,546.5668334960938,264.3039245605469,290.6326904296875,393.8179931640625,1,female,Our,IEEEP1_12
3,837.037841796875,671.8201904296875,925.4857177734375,551.3092651367188,270.9926452636719,290.5676574707031,395.99072265625,2,female,Our,IEEEP1_12
4,954.022705078125,743.654296875,1013.2980346679688,616.1387939453125,296.6654052734375,323.88848876953125,404.75738525390625,1,female,Our,IEEEP1_13
5,950.9793701171875,756.7896728515625,1020.0047607421875,617.2763061523438,297.927734375,319.7570495605469,410.2700500488281,2,female,Our,IEEEP1_13
6,1106.83056640625,972.6077270507812,1057.7677001953125,658.2525634765625,338.5691833496094,354.65875244140625,439.3733215332031,1,female,Our,IEEEP1_14
7,1116.0640869140625,962.8056640625,1046.6412353515625,661.2411499023438,335.450439453125,347.88677978515625,435.88330078125,2,female,Our,IEEEP1_14
8,910.6380615234375,791.401611328125,967.637451171875,546.6498413085938,274.146240234375,314.4708557128906,415.7431335449219,1,female,Our,IEEEP1_19
9,927.4689331054688,781.9674682617188,976.3616333007812,554.8517456054688,274.3365478515625,316.5402526855469,411.6270446777344,2,female,Our,IEEEP1_19
10,1422.804443359375,1268.2685546875,1237.5916748046875,728.159912109375,415.9833068847656,440.38885498046875,464.1918640136719,1,female,Our,IEEEP1_21
11,1416.021484375,1276.1475830078125,1249.8787841796875,755.1888427734375,401.8493347167969,430.3887634277344,469.66046142578125,2,female,Our,IEEEP1_21
12,890.935546875,738.778076171875,949.987060546875,558.9832763671875,288.2702941894531,304.9964294433594,386.19012451171875,1,female,Our,IEEEP1_23
13,893.6868286132812,726.3238525390625,941.6151123046875,556.0586547851562,278.0587158203125,303.0790710449219,387.22607421875,2,female,Our,IEEEP1_23
14,900.7174682617188,765.954833984375,1022.7918701171875,622.0475463867188,302.98406982421875,329.14715576171875,407.26483154296875,1,female,Our,IEEEP1_24
15,902.4000244140625,754.99462890625,1016.7069091796875,620.19921875,303.2061462402344,330.9057922363281,404.9203186035156,2,female,Our,IEEEP1_24
16,1191.81201171875,1123.158935546875,1328.337646484375,813.4681396484375,471.98931884765625,425.1725769042969,444.348876953125,1,female,Our,IEEEP1_27
17,1188.4661865234375,1084.5802001953125,1307.7430419921875,820.4447021484375,456.53271484375,438.40240478515625,441.35931396484375,2,female,Our,IEEEP1_27
18,926.1395874023438,690.595703125,959.493408203125,576.68408203125,278.1468505859375,326.2051696777344,436.9628601074219,1,female,Our,IEEEP1_28
19,928.0691528320312,687.53076171875,951.0697021484375,574.639404296875,278.3710021972656,321.29388427734375,423.149658203125,2,female,Our,IEEEP1_28
20,976.3792724609375,884.3633422851562,1050.4478759765625,657.6549072265625,312.9592590332031,356.8441467285156,489.5809326171875,1,female,Our,IEEEP1_29
21,962.809814453125,873.1112670898438,1076.2147216796875,647.5841064453125,313.6202392578125,362.20550537109375,475.5345458984375,2,female,Our,IEEEP1_29
22,1098.3212890625,871.5819091796875,1044.143310546875,607.611328125,331.9827880859375,336.6898193359375,434.5881652832031,1,female,Our,IEEEP1_30
23,1089.931884765625,905.6182861328125,1045.5579833984375,605.86376953125,333.0455017089844,336.948486328125,440.3071594238281,2,female,Our,IEEEP1_30
24,1212.2802734375,1087.201904296875,1197.968994140625,711.347412109375,329.02410888671875,375.294677734375,445.36602783203125,1,female,Our,IEEEP1_32
25,1211.6871337890625,1090.006591796875,1207.160888671875,714.0564575195312,331.45733642578125,389.976806640625,455.598388671875,2,female,Our,IEEEP1_32
26,908.612548828125,685.7522583007812,881.4373168945312,535.9285888671875,241.3514404296875,351.43780517578125,406.4209289550781,1,female,Our,IEEEP1_33
27,909.34423828125,685.9069213867188,883.7581787109375,530.6054077148438,256.81378173828125,360.181396484375,413.3759765625,2,female,Our,IEEEP1_33
28,876.9756469726562,717.4130859375,920.8492431640625,543.0071411132812,272.7606506347656,306.9856262207031,381.5286560058594,1,female,Our,IEEEP1_34
29,889.5899047851562,730.2786865234375,939.4135131835938,539.7418212890625,281.2833251953125,314.72314453125,381.07879638671875,2,female,Our,IEEEP1_34
30,900.0086059570312,775.6832885742188,994.925048828125,630.2405395507812,277.2413330078125,341.72418212890625,412.14892578125,1,female,Our,IEEEP1_36
31,910.265869140625,786.816650390625,1006.52001953125,624.20947265625,297.7414245605469,354.9330139160156,422.099609375,2,female,Our,IEEEP1_36
32,1245.860595703125,1060.8955078125,1188.16796875,721.7509765625,368.7069091796875,393.0955505371094,433.71051025390625,1,female,Our,IEEEP1_38
33,1254.127685546875,1069.4951171875,1190.346435546875,733.7857666015625,360.526611328125,398.07000732421875,436.5700988769531,2,female,Our,IEEEP1_38
34,1142.466796875,1076.1937255859375,1156.4814453125,671.9739990234375,340.064697265625,359.0419921875,430.04974365234375,1,female,Our,IEEEP1_39
35,1129.085693359375,1064.875244140625,1180.925537109375,680.6035766601562,346.1518859863281,360.4147033691406,424.93255615234375,2,female,Our,IEEEP1_39
36,914.296142578125,733.3914794921875,960.439697265625,563.4785766601562,267.5615539550781,310.1679992675781,396.33453369140625,1,female,Our,IEEEP1_40
37,920.4940795898438,726.663330078125,953.634521484375,559.0317993164062,256.5149230957031,305.7718200683594,386.211669921875,2,female,Our,IEEEP1_40
38,888.50830078125,739.4315185546875,1090.583984375,636.3298950195312,296.7108459472656,295.17138671875,406.60003662109375,1,female,Our,IEEEP1_41
39,884.4323120117188,718.0528564453125,1074.65673828125,652.6727294921875,303.2907409667969,300.5658874511719,404.773193359375,2,female,Our,IEEEP1_41
40,1081.662109375,893.8809814453125,1076.658203125,655.4332275390625,302.4808654785156,354.52142333984375,426.36297607421875,1,female,Our,IEEEP1_42
41,1096.7962646484375,861.8438110351562,1074.3560791015625,651.3555297851562,305.5691833496094,358.0592041015625,419.0635986328125,2,female,Our,IEEEP1_42
42,832.9896240234375,660.279541015625,880.5197143554688,527.642333984375,231.94430541992188,288.7587585449219,390.9775085449219,1,female,Our,IEEEP1_43
43,834.2283935546875,652.5439453125,880.6576538085938,525.425537109375,231.78485107421875,287.2228698730469,398.3343505859375,2,female,Our,IEEEP1_43
44,983.5857543945312,783.948486328125,973.0599365234375,597.0421142578125,292.458984375,342.8838806152344,475.9631042480469,1,female,Our,IEEEP1_44
45,988.9990234375,788.93310546875,973.480712890625,597.1139526367188,290.9197692871094,340.07928466796875,403.72332763671875,2,female,Our,IEEEP1_44
46,860.5609741210938,731.8755493164062,949.5699462890625,563.48583984375,283.8339538574219,300.4884033203125,383.37115478515625,1,female,Our,IEEEP1_50
47,866.8486328125,723.896484375,943.1940307617188,565.4767456054688,284.92041015625,309.3324890136719,387.087890625,2,female,Our,IEEEP1_50
48,1062.6619873046875,936.390625,1062.29296875,607.6607055664062,337.92138671875,369.11669921875,448.8433837890625,1,female,Our,IEEEP1_51
49,1067.6732177734375,932.438720703125,1064.0799560546875,616.7657470703125,331.34271240234375,365.3717346191406,449.9756164550781,2,female,Our,IEEEP1_51
50,889.487548828125,760.2789306640625,944.728515625,552.1241455078125,277.1046447753906,313.4726867675781,388.4774475097656,1,female,Our,IEEEP1_53
51,892.2977294921875,761.0308837890625,943.8182983398438,547.388671875,287.07757568359375,308.7388610839844,413.5107727050781,2,female,Our,IEEEP1_53
52,1023.7008666992188,884.6130981445312,1135.125732421875,681.2615966796875,336.39813232421875,348.5000305175781,424.3443603515625,1,female,Our,IEEEP1_54
53,1033.2484130859375,884.5449829101562,1134.9404296875,680.6142578125,326.44854736328125,348.2629089355469,430.83441162109375,2,female,Our,IEEEP1_54
54,943.6532592773438,796.625732421875,1012.7590942382812,597.36669921875,301.9814453125,345.23260498046875,427.5480651855469,1,female,Our,IEEEP1_58
55,937.7508544921875,789.8833618164062,1008.8585815429688,593.9929809570312,318.31561279296875,345.23040771484375,479.76580810546875,2,female,Our,IEEEP1_58
56,971.4547729492188,788.9498901367188,1003.3336181640625,579.53076171875,286.58734130859375,328.6551513671875,435.3596496582031,1,female,Our,IEEEP1_59
57,966.944580078125,787.9464721679688,1000.28515625,579.5413208007812,295.8513488769531,333.4698486328125,447.8802490234375,2,female,Our,IEEEP1_59
58,1191.2447509765625,1030.5166015625,1135.9404296875,686.4740600585938,353.54974365234375,375.781494140625,423.5035400390625,1,female,Our,IEEEP1_73
59,1198.1566162109375,1053.7860107421875,1145.5247802734375,704.0894775390625,354.6124572753906,380.7539367675781,424.3835754394531,2,female,Our,IEEEP1_73
60,889.4708251953125,755.7374267578125,1020.7575073242188,606.1486206054688,290.1259765625,298.44342041015625,377.93902587890625,1,female,Our,IEEEP1_74
61,895.939453125,764.1820678710938,1022.2392578125,606.0009155273438,285.7362060546875,304.1757507324219,383.5238952636719,2,female,Our,IEEEP1_74
62,856.3487548828125,675.527587890625,888.3033447265625,537.4223022460938,268.75811767578125,291.88104248046875,373.74591064453125,1,female,Our,IEEEP1_75
63,857.7942504882812,692.29736328125,898.5848388671875,534.9559936523438,280.0102233886719,289.3508605957031,390.838623046875,2,female,Our,IEEEP1_75
64,1050.91943359375,872.0989379882812,1158.8299560546875,716.9281005859375,375.0777587890625,347.77362060546875,427.6260070800781,1,female,Our,IEEEP1_76
65,1052.7696533203125,875.590087890625,1154.9373779296875,731.846435546875,364.8894958496094,351.182861328125,442.2496337890625,2,female,Our,IEEEP1_76
66,926.208740234375,750.7498168945312,1005.9647216796875,602.1357421875,320.6251220703125,312.4243469238281,442.069091796875,1,female,Our,IEEEP1_77
67,915.0670166015625,745.8984985351562,1005.458984375,601.1087646484375,310.67633056640625,313.2376403808594,447.67547607421875,2,female,Our,IEEEP1_77
68,995.5596313476562,917.27734375,1076.9892578125,656.97802734375,287.267578125,346.1578674316406,412.39013671875,1,female,Our,IEEEP1_78
69,1021.8095703125,925.9356689453125,1074.4010009765625,635.1433715820312,309.8207092285156,354.6926574707031,469.9646301269531,2,female,Our,IEEEP1_78
70,1175.744384765625,1045.8883056640625,1162.7337646484375,697.6524658203125,340.1410217285156,373.687744140625,431.959716796875,1,female,Our,IEEEP1_84
71,1183.3369140625,1017.7259521484375,1168.08251953125,701.4459838867188,332.33282470703125,378.9808349609375,436.0650634765625,2,female,Our,IEEEP1_84
72,964.3404541015625,893.692138671875,1108.244873046875,635.219970703125,296.9024353027344,357.68170166015625,435.903076171875,1,female,Our,IEEEP1_86
73,971.01513671875,902.6311645507812,1108.9256591796875,646.13818359375,306.95050048828125,375.43365478515625,427.69378662109375,2,female,Our,IEEEP1_86
74,908.7286376953125,761.154052734375,1018.6295166015625,594.0238037109375,296.8624267578125,323.3414306640625,383.735107421875,1,female,Our,IEEEP1_88
75,905.9163818359375,755.40087890625,1020.9815063476562,591.873779296875,293.76373291015625,326.59808349609375,384.5645751953125,2,female,Our,IEEEP1_88
76,1044.998046875,829.07080078125,971.0401611328125,595.1860961914062,300.1787109375,361.09033203125,413.91107177734375,1,female,Our,IEEEP1_90
77,1043.7716064453125,817.078125,963.2553100585938,598.81298828125,305.8106994628906,359.15277099609375,416.9194030761719,2,female,Our,IEEEP1_90
78,1061.26025390625,927.77392578125,1055.4241943359375,620.92626953125,363.9295654296875,391.4840393066406,469.6673583984375,1,male,Our,IEEEP1_15
79,1057.198974609375,918.5274658203125,1046.9337158203125,620.7635498046875,391.8565368652344,394.3172912597656,468.4026794433594,2,male,Our,IEEEP1_15
80,1168.0177001953125,1067.4461669921875,1148.026611328125,652.3983154296875,353.5008239746094,416.4765930175781,494.92425537109375,1,male,Our,IEEEP1_17
81,1158.134033203125,1061.574462890625,1126.938720703125,657.6156616210938,361.63720703125,423.85076904296875,482.37774658203125,2,male,Our,IEEEP1_17
82,971.1485595703125,800.2338256835938,1012.6671752929688,594.698974609375,335.6074523925781,375.02618408203125,425.19122314453125,1,male,Our,IEEEP1_18
83,989.701171875,806.9564208984375,1011.0702514648438,587.9942626953125,351.4654541015625,386.70233154296875,426.540283203125,2,male,Our,IEEEP1_18
84,1044.7767333984375,987.718994140625,1034.6351318359375,564.9251708984375,315.979248046875,400.9425048828125,480.957763671875,1,male,Our,IEEEP1_20
85,1046.810791015625,976.2490234375,1023.34716796875,576.263427734375,321.8305969238281,404.89013671875,468.1402282714844,2,male,Our,IEEEP1_20
86,1053.954345703125,900.1290893554688,1080.2972412109375,614.0574340820312,359.8884582519531,381.7139892578125,459.6065979003906,1,male,Our,IEEEP1_22
87,1066.96240234375,898.5189208984375,1084.378173828125,617.1477661132812,356.4271240234375,381.2056884765625,443.6884765625,2,male,Our,IEEEP1_22
88,1123.9107666015625,952.6632080078125,1114.709228515625,647.83740234375,364.58355712890625,413.21466064453125,485.48193359375,1,male,Our,IEEEP1_25
89,1123.6051025390625,953.5143432617188,1107.423583984375,654.344482421875,371.0856628417969,417.8622741699219,496.3335876464844,2,male,Our,IEEEP1_25
90,1101.9239501953125,961.64794921875,1003.0905151367188,557.2435913085938,333.08880615234375,395.86932373046875,471.89715576171875,1,male,Our,IEEEP1_31
91,1105.5694580078125,959.721923828125,1011.035888671875,551.7166748046875,333.97930908203125,399.1226806640625,488.83062744140625,2,male,Our,IEEEP1_31
92,1184.4637451171875,1102.548095703125,1101.74658203125,610.51953125,371.0932922363281,525.4850463867188,450.4164123535156,1,male,Our,IEEEP1_35
93,1179.02001953125,1094.1846923828125,1092.8599853515625,610.4508056640625,365.6158752441406,529.739501953125,471.7557373046875,2,male,Our,IEEEP1_35
94,1085.2735595703125,983.7804565429688,1059.3955078125,603.9566650390625,344.9121398925781,388.7169189453125,463.2931213378906,1,male,Our,IEEEP1_37
95,1092.0455322265625,968.5993041992188,1046.35595703125,609.6461181640625,342.9820251464844,394.65826416015625,454.6412658691406,2,male,Our,IEEEP1_37
96,1149.2347412109375,1188.7567138671875,1070.21826171875,590.137451171875,314.55316162109375,478.9514465332031,463.2974548339844,1,male,Our,IEEEP1_45
97,1165.6856689453125,1192.696044921875,1065.890869140625,571.8861694335938,349.090576171875,501.3050537109375,471.8917541503906,2,male,Our,IEEEP1_45
98,1007.8909301757812,851.8515014648438,1477.041748046875,886.527099609375,301.7239990234375,391.5429382324219,437.2127685546875,1,male,Our,IEEEP1_47
99,984.115966796875,845.3939208984375,961.96728515625,542.3375244140625,298.693359375,366.08953857421875,424.0652160644531,2,male,Our,IEEEP1_47
100,1077.882080078125,817.8895263671875,969.9276733398438,567.0181884765625,376.39910888671875,383.8857727050781,419.33380126953125,1,male,Our,IEEEP1_48
101,1066.9169921875,817.6324462890625,982.4492797851562,569.9988403320312,374.89019775390625,382.9761962890625,437.84161376953125,2,male,Our,IEEEP1_48
102,998.099365234375,802.72265625,917.0293579101562,522.7236938476562,292.5208740234375,366.2106628417969,446.12835693359375,1,male,Our,IEEEP1_49
103,1001.9713745117188,790.3270263671875,912.556396484375,522.8319702148438,294.04534912109375,371.8304443359375,446.5421142578125,2,male,Our,IEEEP1_49
104,860.6419677734375,678.811767578125,834.6436767578125,429.6632385253906,255.28318786621094,342.8562927246094,369.8826904296875,1,male,Our,IEEEP1_52
105,866.5394287109375,693.8855590820312,838.7545166015625,431.0,256.8787536621094,347.3733825683594,373.3780212402344,2,male,Our,IEEEP1_52
106,1041.6917724609375,825.5145263671875,1044.0006103515625,630.0919799804688,358.70751953125,396.8446350097656,445.7032775878906,1,male,Our,IEEEP1_55
107,1057.547607421875,837.3499755859375,1053.3021240234375,626.8447265625,369.30511474609375,402.82501220703125,440.96563720703125,2,male,Our,IEEEP1_55
108,1083.3619384765625,881.636474609375,975.127197265625,544.3157958984375,320.4611511230469,398.04815673828125,448.6328430175781,1,male,Our,IEEEP1_56
109,1091.2821044921875,883.27197265625,975.25,542.8881225585938,329.12457275390625,397.9205017089844,447.0126037597656,2,male,Our,IEEEP1_56
110,1253.79833984375,1183.805908203125,1232.094482421875,702.6915893554688,407.68316650390625,470.2060546875,477.0939636230469,1,male,Our,IEEEP1_57
111,1268.9881591796875,1192.4931640625,1218.3392333984375,709.408203125,425.19317626953125,477.9603271484375,480.69085693359375,2,male,Our,IEEEP1_57
112,1028.023681640625,915.706787109375,993.2723388671875,550.6774291992188,328.01849365234375,383.1287841796875,432.8335876464844,1,male,Our,IEEEP1_79
113,1019.6668701171875,922.1350708007812,991.0462036132812,550.3563232421875,321.20086669921875,376.0125732421875,430.0506591796875,2,male,Our,IEEEP1_79
114,1048.9149169921875,815.320556640625,984.1522216796875,554.4645385742188,360.7984924316406,404.20635986328125,481.295654296875,1,male,Our,IEEEP1_87
115,1042.63525390625,808.7479248046875,983.928466796875,550.7486572265625,379.98382568359375,411.80462646484375,486.23626708984375,2,male,Our,IEEEP1_87
116,1221.3575439453125,1093.911865234375,1115.8253173828125,649.6438598632812,379.6070861816406,456.82904052734375,515.438720703125,1,male,Our,IEEEP1_89
117,1229.0252685546875,1097.4708251953125,1123.573486328125,666.251708984375,385.1566162109375,456.3529968261719,528.681884765625,2,male,Our,IEEEP1_89
118,920.0,800.0,1065.0,675.0,315.0,335.0,375.0,1,,Expert,IEEEP1_05
119,925.0,810.0,965.0,655.0,310.0,345.0,370.0,2,,Expert,IEEEP1_05
120,922.782,874.268,1067.054,646.684,330.454,347.345,417.068,1,,SS20,IEEEP1_05
121,919.734,880.618,1073.277,646.049,330.454,343.789,413.131,2,,SS20,IEEEP1_05
122,780.0,630.0,920.0,495.0,250.0,325.0,380.0,1,,Expert,IEEEP1_12
123,805.0,640.0,920.0,520.0,260.0,305.0,385.0,2,,Expert,IEEEP1_12
124,795.02,683.514,965.835,525.78,259.969,291.846,369.824,1,,SS20,IEEEP1_12
125,801.878,690.88,966.343,524.637,256.794,293.751,374.015,2,,SS20,IEEEP1_12
126,880.0,720.0,1000.0,560.0,285.0,355.0,375.0,1,,Expert,IEEEP1_13
127,860.0,715.0,1010.0,595.0,280.0,355.0,375.0,2,,Expert,IEEEP1_13
128,898.144,781.558,1055.243,587.502,291.211,339.09,432.308,1,,SS20,IEEEP1_13
129,896.366,799.465,1056.894,579.882,294.513,342.646,440.69,2,,SS20,IEEEP1_13
130,1055.0,945.0,1040.0,630.0,315.0,390.0,380.0,1,,Expert,IEEEP1_14
131,1055.0,950.0,1035.0,620.0,305.0,380.0,375.0,2,,Expert,IEEEP1_14
132,1095.502,992.251,1065.022,655.574,312.674,369.062,414.274,1,,SS20,IEEEP1_14
133,1110.234,986.79,1060.45,655.574,307.594,359.791,418.338,2,,SS20,IEEEP1_14
134,990.0,890.0,1030.0,570.0,340.0,400.0,425.0,1,,Expert,IEEEP1_15
135,985.0,910.0,1055.0,600.0,340.0,405.0,445.0,2,,Expert,IEEEP1_15
136,1013.841,995.553,1066.165,606.425,339.852,400.05,432.181,1,,SS20,IEEEP1_15
137,1014.349,995.68,1042.924,596.646,354.33,415.163,426.5295,2,,SS20,IEEEP1_15
138,1090.0,1045.0,1115.0,630.0,355.0,420.0,470.0,1,,Expert,IEEEP1_17
139,1090.0,1030.0,1115.0,660.0,350.0,430.0,460.0,2,,Expert,IEEEP1_17
140,1160.145,1046.734,1108.837,643.128,335.026,431.038,566.293,1,,SS20,IEEEP1_17
141,1137.031,1048.766,1104.392,641.096,333.756,430.784,538.734,2,,SS20,IEEEP1_17
142,890.0,765.0,990.0,600.0,315.0,380.0,410.0,1,,Expert,IEEEP1_18
143,870.0,780.0,1010.0,580.0,320.0,380.0,415.0,2,,Expert,IEEEP1_18
144,934.212,878.459,1014.603,573.405,319.405,390.398,429.514,1,,SS20,IEEEP1_18
145,948.309,877.316,1012.444,576.326,327.66,399.288,427.99,2,,SS20,IEEEP1_18
146,865.0,730.0,960.0,530.0,260.0,325.0,380.0,1,,Expert,IEEEP1_19
147,860.0,745.0,955.0,535.0,260.0,345.0,355.0,2,,Expert,IEEEP1_19
148,890.27,783.844,957.834,546.481,271.653,315.214,412.242,1,,SS20,IEEEP1_19
149,898.144,791.972,966.343,546.989,275.336,316.738,409.448,2,,SS20,IEEEP1_19
150,960.0,960.0,1020.0,575.0,315.0,390.0,460.0,1,,Expert,IEEEP1_20
151,990.0,960.0,1030.0,575.0,315.0,385.0,445.0,2,,Expert,IEEEP1_20
152,1001.268,946.404,1038.86,567.055,307.086,404.876,485.394,1,,SS20,IEEEP1_20
153,1009.142,945.896,1035.05,565.404,311.912,409.702,485.648,2,,SS20,IEEEP1_20
154,1340.0,1095.0,1325.0,740.0,370.0,415.0,390.0,1,,Expert,IEEEP1_21
155,1370.0,1210.0,1320.0,735.0,390.0,415.0,390.0,2,,Expert,IEEEP1_21
156,1400.81,1247.648,1328.293,749.554,376.174,425.196,434.848,1,,SS20,IEEEP1_21
157,1398.27,1242.568,1328.039,767.207,379.73,427.736,440.309,2,,SS20,IEEEP1_21
158,990.0,900.0,1065.0,610.0,325.0,375.0,415.0,1,,Expert,IEEEP1_22
159,995.0,895.0,1050.0,635.0,325.0,380.0,400.0,2,,Expert,IEEEP1_22
160,1029.208,920.242,1073.023,599.821,339.852,397.637,435.864,1,,SS20,IEEEP1_22
161,1039.114,922.909,1078.484,608.33,338.582,394.97,440.182,2,,SS20,IEEEP1_22
162,810.0,690.0,945.0,535.0,275.0,320.0,350.0,1,,Expert,IEEEP1_23
163,810.0,690.0,915.0,545.0,270.0,335.0,330.0,2,,Expert,IEEEP1_23
164,841.883,732.917,952.754,548.005,264.033,312.928,345.186,1,,SS20,IEEEP1_23
165,851.535,728.98,947.166,541.909,264.414,315.722,360.807,2,,SS20,IEEEP1_23
166,,,,,,,,1,,Expert,IEEEP1_24
167,,,,,,,,2,,Expert,IEEEP1_24
168,863.092,787.654,1037.59,608.076,299.974,329.946,401.32,1,,SS20,IEEEP1_24
169,858.647,790.702,1036.447,608.076,300.482,331.978,398.526,2,,SS20,IEEEP1_24
170,1060.0,975.0,1090.0,660.0,355.0,420.0,465.0,1,,Expert,IEEEP1_25
171,1040.0,960.0,1090.0,660.0,350.0,435.0,455.0,2,,Expert,IEEEP1_25
172,1081.151,949.071,1055.497,665.48,347.472,424.688,445.262,1,,SS20,IEEEP1_25
173,1086.104,948.69,1071.88,668.02,346.964,429.641,453.136,2,,SS20,IEEEP1_25
174,1140.0,1075.0,1210.0,725.0,390.0,375.0,430.0,1,,Expert,IEEEP1_26
175,1150.0,1055.0,1220.0,755.0,390.0,370.0,430.0,2,,Expert,IEEEP1_26
176,1140.0,1065.0,1385.0,740.0,435.0,400.0,400.0,1,,Expert,IEEEP1_27
177,1135.0,1080.0,1355.0,740.0,430.0,405.0,400.0,2,,Expert,IEEEP1_27
178,1145.54,1152.906,1392.428,757.682,440.436,421.386,401.447,1,,SS20,IEEEP1_27
179,1169.035,1140.079,1383.411,760.095,438.404,424.307,402.082,2,,SS20,IEEEP1_27
180,870.0,740.0,970.0,550.0,270.0,315.0,410.0,1,,Expert,IEEEP1_28
181,865.0,695.0,965.0,540.0,280.0,310.0,390.0,2,,Expert,IEEEP1_28
182,864.743,692.785,965.073,546.608,269.24,298.704,412.369,1,,SS20,IEEEP1_28
183,869.315,693.293,963.295,552.196,274.574,300.228,413.131,2,,SS20,IEEEP1_28
184,930.0,855.0,1060.0,640.0,305.0,350.0,400.0,1,,Expert,IEEEP1_29
185,930.0,860.0,1060.0,650.0,310.0,355.0,400.0,2,,Expert,IEEEP1_29
186,929.894,886.206,1045.21,657.86,312.801,345.186,397.383,1,,SS20,IEEEP1_29
187,917.194,891.794,1062.228,651.891,314.198,352.044,402.209,2,,SS20,IEEEP1_29
188,1010.0,870.0,1045.0,610.0,327.5,330.0,405.0,1,,Expert,IEEEP1_30
189,1035.0,880.0,1020.0,630.0,320.0,330.0,395.0,2,,Expert,IEEEP1_30
190,1028.7,902.462,1063.244,576.834,315.468,350.52,454.66,1,,SS20,IEEEP1_30
191,1020.318,917.829,1061.466,578.358,313.055,363.474,455.549,2,,SS20,IEEEP1_30
192,1040.0,950.0,990.0,580.0,310.0,390.0,470.0,1,,Expert,IEEEP1_31
193,1035.0,955.0,990.0,565.0,315.0,390.0,450.0,2,,Expert,IEEEP1_31
194,1067.943,962.533,988.822,539.369,318.389,406.146,490.347,1,,SS20,IEEEP1_31
195,1072.642,965.454,988.06,536.956,313.309,402.59,504.698,2,,SS20,IEEEP1_31
196,1150.0,1065.0,1200.0,685.0,320.0,390.0,430.0,1,,Expert,IEEEP1_32
197,1135.0,1110.0,1215.0,710.0,325.0,395.0,440.0,2,,Expert,IEEEP1_32
198,1154.557,1098.55,1190.752,710.184,312.166,389.89,439.166,1,,SS20,IEEEP1_32
199,1152.144,1097.661,1196.848,712.089,314.452,393.446,439.293,2,,SS20,IEEEP1_32
200,840.0,685.0,885.0,515.0,245.0,325.0,415.0,1,,Expert,IEEEP1_33
201,820.0,660.0,880.0,510.0,245.0,320.0,395.0,2,,Expert,IEEEP1_33
202,846.328,684.911,896.239,502.666,249.936,310.515,405.511,1,,SS20,IEEEP1_33
203,848.106,681.482,897.382,502.412,255.27,316.992,409.956,2,,SS20,IEEEP1_33
204,840.0,720.0,930.0,550.0,265.0,320.0,355.0,1,,Expert,IEEEP1_34
205,840.0,730.0,935.0,552.5,260.0,320.0,360.0,2,,Expert,IEEEP1_34
206,836.676,706.374,946.277,531.114,272.288,311.912,373.253,1,,SS20,IEEEP1_34
207,830.834,720.217,960.882,529.082,270.256,321.691,379.984,2,,SS20,IEEEP1_34
208,1140.0,1070.0,1085.0,635.0,345.0,500.0,395.0,1,,Expert,IEEEP1_35
209,1130.0,1075.0,1090.0,620.0,345.0,500.0,375.0,2,,Expert,IEEEP1_35
210,1191.26,1047.242,1080.77,592.836,350.012,515.112,445.008,1,,SS20,IEEEP1_35
211,1185.164,1034.034,1081.024,592.709,353.06,516.636,441.071,2,,SS20,IEEEP1_35
212,,,,,,,,1,,Expert,IEEEP1_36
213,,,,,,,,2,,Expert,IEEEP1_36
214,859.028,815.848,997.712,611.124,276.352,346.202,402.59,1,,SS20,IEEEP1_36
215,866.394,802.386,1003.427,616.204,286.004,347.98,418.592,2,,SS20,IEEEP1_36
216,,,,,,,,1,,Expert,IEEEP1_37
217,,,,,,,,2,,Expert,IEEEP1_37
218,1081.278,986.663,1070.864,599.059,322.58,392.176,518.414,1,,SS20,IEEEP1_37
219,1083.437,988.822,1034.034,601.599,323.469,393.7,540.512,2,,SS20,IEEEP1_37
220,1150.0,1055.0,1205.0,730.0,335.0,395.0,430.0,1,,Expert,IEEEP1_38
221,1155.0,1065.0,1225.0,745.0,345.0,400.0,435.0,2,,Expert,IEEEP1_38
222,1181.989,1100.328,1201.42,705.104,349.758,390.525,405.13,1,,SS20,IEEEP1_38
223,1191.133,1109.98,1201.547,704.342,357.505,400.304,406.908,2,,SS20,IEEEP1_38
224,1095.0,1050.0,1175.0,670.0,335.0,350.0,375.0,1,,Expert,IEEEP1_39
225,1085.0,1045.0,1165.0,705.0,335.0,335.0,375.0,2,,Expert,IEEEP1_39
226,1103.122,1030.859,1146.429,668.782,127.254,414.274,369.697,1,,SS20,IEEEP1_39
227,1091.692,1035.558,1163.193,666.242,101.473,386.969,378.079,2,,SS20,IEEEP1_39
228,900.0,790.0,975.0,565.0,270.0,320.0,385.0,1,,Expert,IEEEP1_40
229,895.0,755.0,965.0,560.0,270.0,315.0,385.0,2,,Expert,IEEEP1_40
230,886.587,734.695,971.296,556.006,267.716,306.832,365.633,1,,SS20,IEEEP1_40
231,894.08,734.06,972.82,546.989,273.304,307.594,373.38,2,,SS20,IEEEP1_40
232,810.0,800.0,1065.0,655.0,290.0,320.0,415.0,1,,Expert,IEEEP1_41
233,815.0,780.0,1065.0,640.0,300.0,315.0,420.0,2,,Expert,IEEEP1_41
234,827.024,771.779,1078.23,624.332,298.45,301.244,386.334,1,,SS20,IEEEP1_41
235,828.167,764.413,1089.533,632.333,301.752,297.942,387.223,2,,SS20,IEEEP1_41
236,1020.0,870.0,1055.0,620.0,300.0,350.0,410.0,1,,Expert,IEEEP1_42
237,1030.0,900.0,1080.0,620.0,295.0,340.0,400.0,2,,Expert,IEEEP1_42
238,1034.796,925.703,1074.293,618.109,298.196,346.202,415.925,1,,SS20,IEEEP1_42
239,1026.287,915.67,1073.531,614.934,290.449,345.44,406.654,2,,SS20,IEEEP1_42
240,770.0,670.0,865.0,470.0,215.0,305.0,370.0,1,,Expert,IEEEP1_43
241,780.0,670.0,890.0,495.0,215.0,310.0,380.0,2,,Expert,IEEEP1_43
242,747.141,671.322,892.048,490.601,224.536,306.07,382.143,1,,SS20,IEEEP1_43
243,756.793,667.766,896.366,489.966,220.726,302.133,388.493,2,,SS20,IEEEP1_43
244,885.0,735.0,985.0,560.0,285.0,340.0,390.0,1,,Expert,IEEEP1_44
245,870.0,795.0,995.0,575.0,270.0,330.0,420.0,2,,Expert,IEEEP1_44
246,893.699,782.701,987.425,582.422,291.846,336.042,413.131,1,,SS20,IEEEP1_44
247,897.636,769.874,989.457,592.582,295.148,337.439,415.417,2,,SS20,IEEEP1_44
248,920.0,770.0,905.0,520.0,280.0,370.0,440.0,1,,Expert,IEEEP1_45
249,920.0,810.0,890.0,510.0,280.0,355.0,435.0,2,,Expert,IEEEP1_45
250,1140.714,1056.513,1052.576,541.782,305.816,483.362,526.161,1,,SS20,IEEEP1_45
251,1157.478,1081.024,1062.863,556.006,315.468,478.409,500.126,2,,SS20,IEEEP1_45
252,915.0,850.0,935.0,525.0,290.0,385.0,410.0,1,,Expert,IEEEP1_47
253,910.0,850.0,950.0,540.0,290.0,390.0,420.0,2,,Expert,IEEEP1_47
254,959.612,837.438,956.056,534.162,284.734,381.254,439.166,1,,SS20,IEEEP1_47
255,957.453,835.66,960.12,534.416,286.258,381.254,442.849,2,,SS20,IEEEP1_47
256,1000.0,810.0,940.0,570.0,350.0,390.0,430.0,1,,Expert,IEEEP1_48
257,990.0,815.0,950.0,570.0,350.0,390.0,430.0,2,,Expert,IEEEP1_48
258,1017.905,815.086,950.468,581.914,363.22,384.937,409.194,1,,SS20,IEEEP1_48
259,1009.142,809.752,963.041,581.533,362.712,389.001,420.751,2,,SS20,IEEEP1_48
260,920.0,770.0,905.0,520.0,280.0,370.0,440.0,1,,Expert,IEEEP1_49
261,920.0,810.0,890.0,510.0,280.0,355.0,435.0,2,,Expert,IEEEP1_49
262,959.612,853.821,927.862,510.921,282.575,369.824,495.554,1,,SS20,IEEEP1_49
263,954.151,847.344,921.258,510.667,286.385,373.761,473.329,2,,SS20,IEEEP1_49
264,805.0,750.0,940.0,535.0,260.0,310.0,355.0,1,,Expert,IEEEP1_50
265,805.0,745.0,922.5,540.0,270.0,302.5,360.0,2,,Expert,IEEEP1_50
266,809.752,758.317,961.644,528.32,276.86,308.864,353.441,1,,SS20,IEEEP1_50
267,816.229,760.984,955.167,525.907,278.384,314.452,355.092,2,,SS20,IEEEP1_50
268,1060.0,935.0,1060.0,620.0,300.0,380.0,390.0,1,,Expert,IEEEP1_51
269,1005.0,915.0,1060.0,612.5,300.0,390.0,415.0,2,,Expert,IEEEP1_51
270,1058.418,944.245,1048.258,621.538,315.722,387.096,439.674,1,,SS20,IEEEP1_51
271,1055.497,919.734,1046.607,635.635,317.373,386.588,432.054,2,,SS20,IEEEP1_51
272,785.0,710.0,805.0,430.0,230.0,335.0,365.0,1,,Expert,IEEEP1_52
273,790.0,715.0,805.0,425.0,240.0,340.0,365.0,2,,Expert,IEEEP1_52
274,810.768,727.964,837.184,411.861,230.505,345.567,369.824,1,,SS20,IEEEP1_52
275,834.644,750.316,837.946,401.574,231.013,348.361,399.034,2,,SS20,IEEEP1_52
276,805.0,780.0,950.0,540.0,260.0,317.5,405.0,1,,Expert,IEEEP1_53
277,800.0,795.0,955.0,555.0,275.0,335.0,395.0,2,,Expert,IEEEP1_53
278,804.037,749.808,944.88,532.003,277.241,337.058,392.43,1,,SS20,IEEEP1_53
279,814.324,749.554,943.229,532.257,279.654,336.55,393.446,2,,SS20,IEEEP1_53
280,965.0,870.0,1130.0,690.0,325.0,355.0,380.0,1,,Expert,IEEEP1_54
281,970.0,835.0,1125.0,695.0,325.0,360.0,355.0,2,,Expert,IEEEP1_54
282,988.822,911.86,1146.429,664.464,333.756,353.822,407.924,1,,SS20,IEEEP1_54
283,985.774,907.288,1149.096,668.274,326.136,358.775,416.56,2,,SS20,IEEEP1_54
284,955.0,830.0,1030.0,640.0,340.0,390.0,405.0,1,,Expert,IEEEP1_55
285,945.0,825.0,1045.0,635.0,335.0,395.0,395.0,2,,Expert,IEEEP1_55
286,1009.904,836.295,1022.35,630.682,341.376,414.02,423.037,1,,SS20,IEEEP1_55
287,1004.824,836.422,1052.957,632.333,350.266,420.37,430.911,2,,SS20,IEEEP1_55
288,1025.0,885.0,970.0,540.0,305.0,400.0,400.0,1,,Expert,IEEEP1_56
289,1020.0,880.0,940.0,520.0,305.0,405.0,392.5,2,,Expert,IEEEP1_56
290,1051.814,865.378,977.392,537.464,300.482,417.83,484.886,1,,SS20,IEEEP1_56
291,1053.338,866.648,977.646,540.385,298.196,416.814,483.235,2,,SS20,IEEEP1_56
292,1220.0,1200.0,1185.0,665.0,415.0,455.0,385.0,1,,Expert,IEEEP1_57
293,1225.0,1190.0,1205.0,705.0,400.0,465.0,420.0,2,,Expert,IEEEP1_57
294,1249.68,1258.57,1186.688,693.674,377.444,476.758,442.849,1,,SS20,IEEEP1_57
295,1264.158,1258.316,1181.481,694.69,387.35,474.853,446.532,2,,SS20,IEEEP1_57
296,,,,,,,,1,,Expert,IEEEP1_58
297,,,,,,,,2,,Expert,IEEEP1_58
298,882.142,825.373,1020.318,584.454,304.292,361.188,443.738,1,,SS20,IEEEP1_58
299,884.936,802.894,1013.206,586.486,305.562,360.299,436.118,2,,SS20,IEEEP1_58
300,920.0,815.0,995.0,575.0,275.0,330.0,402.5,1,,Expert,IEEEP1_59
301,925.0,815.0,1050.0,590.0,280.0,335.0,430.0,2,,Expert,IEEEP1_59
302,928.37,837.692,1003.935,564.515,283.972,336.931,390.398,1,,SS20,IEEEP1_59
303,935.99,844.042,1010.92,561.467,293.243,339.471,382.905,2,,SS20,IEEEP1_59
304,,,,,,,,1,,Expert,IEEEP1_73
305,,,,,,,,2,,Expert,IEEEP1_73
306,1172.337,1007.491,1147.318,723.265,320.548,378.079,399.669,1,,SS20,IEEEP1_73
307,1160.526,1095.883,1156.208,648.97,326.136,387.858,404.622,2,,SS20,IEEEP1_73
308,835.0,755.0,990.0,600.0,285.0,310.0,400.0,1,,Expert,IEEEP1_74
309,830.0,760.0,1040.0,610.0,285.0,310.0,415.0,2,,Expert,IEEEP1_74
310,846.963,744.728,1029.081,591.566,284.861,305.435,403.606,1,,SS20,IEEEP1_74
311,850.138,754.38,1026.795,584.581,284.988,308.737,409.321,2,,SS20,IEEEP1_74
312,805.0,705.0,885.0,515.0,260.0,305.0,395.0,1,,Expert,IEEEP1_75
313,800.0,710.0,890.0,520.0,270.0,305.0,390.0,2,,Expert,IEEEP1_75
314,805.053,670.306,898.271,524.002,268.859,309.372,394.335,1,,SS20,IEEEP1_75
315,809.117,674.878,900.557,528.447,272.034,306.578,388.62,2,,SS20,IEEEP1_75
316,1005.0,880.0,1175.0,710.0,365.0,340.0,375.0,1,,Expert,IEEEP1_76
317,1005.0,885.0,1170.0,705.0,365.0,350.0,370.0,2,,Expert,IEEEP1_76
318,1016.127,924.687,1186.815,697.738,375.285,351.282,396.24,1,,SS20,IEEEP1_76
319,1019.683,919.607,1197.229,699.643,375.539,347.726,396.621,2,,SS20,IEEEP1_76
320,840.0,750.0,985.0,585.0,285.0,310.0,390.0,1,,Expert,IEEEP1_77
321,845.0,775.0,1005.0,585.0,285.0,315.0,415.0,2,,Expert,IEEEP1_77
322,862.076,782.066,1015.238,585.089,309.499,332.232,420.37,1,,SS20,IEEEP1_77
323,855.218,782.701,1016.254,580.898,307.086,329.311,413.512,2,,SS20,IEEEP1_77
324,960.0,890.0,1060.0,630.0,270.0,340.0,395.0,1,,Expert,IEEEP1_78
325,955.0,930.0,1055.0,640.0,280.0,340.0,375.0,2,,Expert,IEEEP1_78
326,958.85,919.48,1074.547,638.048,283.21,339.598,394.081,1,,SS20,IEEEP1_78
327,966.851,915.162,1076.452,647.446,288.798,341.884,404.114,2,,SS20,IEEEP1_78
328,945.0,925.0,980.0,570.0,312.5,380.0,397.5,1,,Expert,IEEEP1_79
329,955.0,920.0,980.0,570.0,315.0,375.0,405.0,2,,Expert,IEEEP1_79
330,999.49,889.762,983.996,546.1,320.294,388.62,478.536,1,,SS20,IEEEP1_79
331,984.25,891.794,982.218,547.37,314.198,392.176,473.456,2,,SS20,IEEEP1_79
332,1105.0,1040.0,1165.0,685.0,335.0,365.0,380.0,1,,Expert,IEEEP1_84
333,1160.0,1045.0,1165.0,675.0,335.0,370.0,400.0,2,,Expert,IEEEP1_84
334,1143.889,1063.879,1159.764,677.672,327.533,423.418,414.02,1,,SS20,IEEEP1_84
335,1164.844,1057.91,1168.654,685.8,328.549,436.118,377.825,2,,SS20,IEEEP1_84
336,895.0,890.0,1100.0,640.0,295.0,350.0,430.0,1,,Expert,IEEEP1_86
337,890.0,892.5,1090.0,645.0,300.0,340.0,420.0,2,,Expert,IEEEP1_86
338,913.892,946.404,1065.657,577.215,316.738,369.189,437.134,1,,SS20,IEEEP1_86
339,917.194,947.928,1112.393,625.094,311.404,366.141,436.88,2,,SS20,IEEEP1_86
340,935.0,800.0,970.0,552.5,355.0,395.0,460.0,1,,Expert,IEEEP1_87
341,955.0,805.0,965.0,560.0,355.0,390.0,475.0,2,,Expert,IEEEP1_87
342,991.489,834.136,970.534,562.102,343.281,421.64,455.676,1,,SS20,IEEEP1_87
343,978.408,848.741,967.613,559.816,362.458,429.514,448.056,2,,SS20,IEEEP1_87
344,850.0,750.0,1020.0,590.0,285.0,310.0,410.0,1,,Expert,IEEEP1_88
345,840.0,770.0,1025.0,580.0,280.0,310.0,415.0,2,,Expert,IEEEP1_88
346,853.694,737.235,1024.89,590.296,296.164,333.756,392.684,1,,SS20,IEEEP1_88
347,852.043,741.172,1027.049,589.534,297.688,338.328,399.542,2,,SS20,IEEEP1_88
348,1170.0,1095.0,1115.0,680.0,355.0,420.0,410.0,1,,Expert,IEEEP1_89
349,1170.0,1095.0,1120.0,665.0,375.0,430.0,422.5,2,,Expert,IEEEP1_89
350,1219.2,1050.417,1090.93,660.527,352.425,447.294,464.439,1,,SS20,IEEEP1_89
351,1223.137,1045.591,1085.342,655.193,357.886,449.58,465.836,2,,SS20,IEEEP1_89
352,1010.0,850.0,965.0,575.0,290.0,335.0,410.0,1,,Expert,IEEEP1_90
353,1000.0,865.0,960.0,570.0,300.0,340.0,445.0,2,,Expert,IEEEP1_90
354,1013.46,855.599,965.708,569.976,299.974,341.376,412.369,1,,SS20,IEEEP1_90
355,1012.317,854.964,978.916,580.517,302.26,348.996,416.687,2,,SS20,IEEEP1_90
